<?xml version="1.0" encoding="UTF-8" standalone="yes"?>
<addon id="repository.demo.kodi" name="Demonstration repository" version="0.0.2" provider-name="Mafarricos">
	<extension point="xbmc.addon.repository" name="Demonstration Add-on Repository">
		<info compressed="false">https://raw.githubusercontent.com/julianocamacan/jls/master/addons.xml</info>
		<checksum>https://raw.githubusercontent.com/julianocamacan/jls/master/addons.xml.md5</checksum>
		<datadir zip="true">https://raw.githubusercontent.com/julianocamacan/jls/master/repo/</datadir>
	</extension>
	<extension point="xbmc.addon.metadata">
		<summary>JLS Addon</summary>
		<description>Addon Description</description>
		<disclaimer></disclaimer>
		<platform>all</platform>
	</extension>
</addon>